_id,FirstName,LastName,UserName,Password
654fd461b01e5ddba8f8ebcb,Tharun,Prabhu,tprabhu,prabhu09
654fd461b01e5ddba8f8ebcc,Tracy,Lopez,lesliebass,l9Q+DgD#(w
654fd461b01e5ddba8f8ebcd,Caleb,Bennett,doughertyjennifer,pK2O#hw7$k
654fd461b01e5ddba8f8ebce,Mary,Velasquez,darlenebrown,b)S)P8laiR
654fd461b01e5ddba8f8ebcf,Sarah,Shepherd,angeladennis,2&82E_Dm^q
654fd461b01e5ddba8f8ebd0,Becky,Barnes,moseschristopher,17N(KqPt^P
654fd461b01e5ddba8f8ebd1,Thomas,Haas,hernandezbrittany,!^9v(TtyMs
654fd461b01e5ddba8f8ebd2,Susan,Maldonado,foxjeffrey,JkL4wUsIr+
654fd461b01e5ddba8f8ebd3,Emily,Gonzales,irwinsamuel,6!vUMN6w++
654fd461b01e5ddba8f8ebd4,Steven,Allen,mirandathomas,unLPY5U!^6
654fd461b01e5ddba8f8ebd5,Lauren,Wilson,speters,$X81MyUi&U
654fd461b01e5ddba8f8ebd6,Jack,Stephenson,ellenhunter,)7xV+Uc@Mz
654fd461b01e5ddba8f8ebd7,Jamie,Martin,lsalazar,xh8Y9nTh)l
656a10734b1c569de25588e5,Kenny,Lawrence,klawrence,abcdef
656a63f06c476392ac0ea55b,Kashmira,Golatkar,kgolatka,Zxcvbnm123
